label,1,2,3,4,5,6,7,8,9,10,11,12,13,14,15,16,17,18,19,20,21,22,23,24,25,26,27,28,29,30,31,32
2,8648,8648,10,2,2,3,8148,0,3692,180,10,8648,1,118,157,208,206,0,0,0,0,0,0,0,0,0,0,0,0,0,0,0
7,8648,2,10,2,2,3,8148,0,3692,180,10,8648,1,118,157,208,206,0,0,1,0,0,0,0,0,0,0,0,0,0,0,0
2,8648,8648,10,2,2,3,8148,0,3692,180,10,8648,1,118,157,208,206,0,0,0,0,0,0,0,0,0,0,0,0,0,0,0
7,8648,8648,10,2,2,3,8148,0,3692,180,10,8648,1,118,157,208,206,0,0,0,0,0,0,0,0,0,0,0,0,0,0,0
7,8648,8648,10,2,2,3,8148,0,3692,180,10,8648,1,118,157,208,206,0,0,0,0,0,0,0,0,0,0,0,0,0,0,0
7,8648,8648,10,2,2,3,8148,0,3692,180,10,8648,1,118,157,208,206,0,0,0,0,0,0,0,0,0,0,0,0,0,0,0
7,8648,8648,10,2,2,3,8148,0,3692,180,10,8648,1,118,157,208,206,0,0,0,0,0,0,0,0,0,0,0,0,0,0,0
2,8648,8648,10,2,2,3,8148,0,3692,180,10,8648,1,118,157,208,206,0,0,0,0,0,0,0,0,0,0,0,0,0,0,0
7,8648,2,10,2,2,3,8148,0,3692,180,10,8648,1,118,157,208,206,0,0,1,0,0,0,0,0,0,0,0,0,0,0,0
3,8648,182,10,2,2,3,8148,0,3692,180,10,8648,1,118,157,208,206,0,0,1,0,0,0,0,1,0,0,0,0,0,0,0
12,8648,289,10,2,2,3,8148,0,3692,180,10,8648,1,118,157,208,206,0,0,1,1,0,0,0,1,0,0,0,0,0,0,0
6,8648,182,10,2,2,3,8148,0,3692,180,10,8648,1,118,157,208,206,0,0,1,0,0,0,0,1,0,0,0,0,0,0,0
7,348,348,41,2,2,6,191,0,2,2,41,348,1,17,9,9,5,0,0,0,0,0,0,0,0,0,0,0,0,0,0,0
6,348,2,41,2,2,6,191,0,2,2,41,348,1,17,9,9,5,0,0,0,0,0,0,0,1,0,0,0,0,0,0,0
3,348,348,41,2,2,6,191,0,2,2,41,348,1,17,9,9,5,0,0,0,0,0,0,0,0,0,0,0,0,0,0,0
14,348,348,41,2,2,6,191,0,2,2,41,348,1,17,9,9,5,0,0,0,0,0,0,0,0,0,0,0,0,0,0,0
3,8648,8648,10,2,2,3,8148,0,3692,180,10,8648,1,118,157,208,206,0,0,0,0,0,0,0,0,0,0,0,0,0,0,0
7,8648,3,10,2,2,3,8148,0,3692,180,10,8648,1,118,157,208,206,0,0,0,1,0,0,0,0,0,0,0,0,0,0,0
6,8648,288,10,2,2,3,8148,0,3692,180,10,8648,1,118,157,208,206,0,0,0,1,0,0,0,1,0,0,0,0,0,0,0
6,8648,3,10,2,2,3,8148,0,3692,180,10,8648,1,118,157,208,206,0,0,0,1,0,0,0,0,0,0,0,0,0,0,0
7,348,348,41,2,2,6,191,0,2,2,41,348,1,17,9,9,5,0,0,0,0,0,0,0,0,0,0,0,0,0,0,0
3,348,2,41,2,2,6,191,0,2,2,41,348,1,17,9,9,5,0,0,0,0,0,0,0,1,0,0,0,0,0,0,0
14,348,348,41,2,2,6,191,0,2,2,41,348,1,17,9,9,5,0,0,0,0,0,0,0,0,0,0,0,0,0,0,0
14,348,348,41,2,2,6,191,0,2,2,41,348,1,17,9,9,5,0,0,0,0,0,0,0,0,0,0,0,0,0,0,0
3,8648,8648,10,2,2,3,8148,0,3692,180,10,8648,1,118,157,208,206,0,0,0,0,0,0,0,0,0,0,0,0,0,0,0
2,8648,8648,10,2,2,3,8148,0,3692,180,10,8648,1,118,157,208,206,0,0,0,0,0,0,0,0,0,0,0,0,0,0,0
7,8648,2,10,2,2,3,8148,0,3692,180,10,8648,1,118,157,208,206,0,0,1,0,0,0,0,0,0,0,0,0,0,0,0
7,8648,8648,10,2,2,3,8148,0,3692,180,10,8648,1,118,157,208,206,0,0,0,0,0,0,0,0,0,0,0,0,0,0,0
3,8648,8648,10,2,2,3,8148,0,3692,180,10,8648,1,118,157,208,206,0,0,0,0,0,0,0,0,0,0,0,0,0,0,0
12,8648,8648,10,2,2,3,8148,0,3692,180,10,8648,1,118,157,208,206,0,0,0,0,0,0,0,0,0,0,0,0,0,0,0
6,8648,158,10,2,2,3,8148,0,3692,180,10,8648,1,118,157,208,206,0,0,0,0,0,0,0,0,0,0,0,0,1,0,0
12,8648,8648,10,2,2,3,8148,0,3692,180,10,8648,1,118,157,208,206,0,0,0,0,0,0,0,0,0,0,0,0,0,0,0
12,8648,8648,10,2,2,3,8148,0,3692,180,10,8648,1,118,157,208,206,0,0,0,0,0,0,0,0,0,0,0,0,0,0,0
7,8648,8648,10,2,2,3,8148,0,3692,180,10,8648,1,118,157,208,206,0,0,0,0,0,0,0,0,0,0,0,0,0,0,0
7,8648,8648,10,2,2,3,8148,0,3692,180,10,8648,1,118,157,208,206,0,0,0,0,0,0,0,0,0,0,0,0,0,0,0
6,8648,8648,10,2,2,3,8148,0,3692,180,10,8648,1,118,157,208,206,0,0,0,0,0,0,0,0,0,0,0,0,0,0,0
7,8648,8648,10,2,2,3,8148,0,3692,180,10,8648,1,118,157,208,206,0,0,0,0,0,0,0,0,0,0,0,0,0,0,0
3,348,348,41,2,2,6,191,0,2,2,41,348,1,17,9,9,5,0,0,0,0,0,0,0,0,0,0,0,0,0,0,0
14,348,348,41,2,2,6,191,0,2,2,41,348,1,17,9,9,5,0,0,0,0,0,0,0,0,0,0,0,0,0,0,0
7,348,5,41,2,2,6,191,0,2,2,41,348,1,17,9,9,5,0,0,0,0,0,0,0,0,0,0,0,0,0,0,1
7,348,5,41,2,2,6,191,0,2,2,41,348,1,17,9,9,5,0,0,0,0,0,0,0,0,0,0,0,0,0,0,1
7,8648,8648,10,2,2,3,8148,0,3692,180,10,8648,1,118,157,208,206,0,0,0,0,0,0,0,0,0,0,0,0,0,0,0
6,8648,8648,10,2,2,3,8148,0,3692,180,10,8648,1,118,157,208,206,0,0,0,0,0,0,0,0,0,0,0,0,0,0,0
3,8648,8648,10,2,2,3,8148,0,3692,180,10,8648,1,118,157,208,206,0,0,0,0,0,0,0,0,0,0,0,0,0,0,0
14,8648,8648,10,2,2,3,8148,0,3692,180,10,8648,1,118,157,208,206,0,0,0,0,0,0,0,0,0,0,0,0,0,0,0
7,8648,8648,10,2,2,3,8148,0,3692,180,10,8648,1,118,157,208,206,0,0,0,0,0,0,0,0,0,0,0,0,0,0,0
7,348,348,41,2,2,6,191,0,2,2,41,348,1,17,9,9,5,0,0,0,0,0,0,0,0,0,0,0,0,0,0,0
7,348,348,41,2,2,6,191,0,2,2,41,348,1,17,9,9,5,0,0,0,0,0,0,0,0,0,0,0,0,0,0,0
7,348,348,41,2,2,6,191,0,2,2,41,348,1,17,9,9,5,0,0,0,0,0,0,0,0,0,0,0,0,0,0,0
6,348,348,41,2,2,6,191,0,2,2,41,348,1,17,9,9,5,0,0,0,0,0,0,0,0,0,0,0,0,0,0,0
12,348,348,41,2,2,6,191,0,2,2,41,348,1,17,9,9,5,0,0,0,0,0,0,0,0,0,0,0,0,0,0,0
13,348,348,41,2,2,6,191,0,2,2,41,348,1,17,9,9,5,0,0,0,0,0,0,0,0,0,0,0,0,0,0,0
3,8648,8648,10,2,2,3,8148,0,3692,180,10,8648,1,118,157,208,206,0,0,0,0,0,0,0,0,0,0,0,0,0,0,0
7,8648,3,10,2,2,3,8148,0,3692,180,10,8648,1,118,157,208,206,0,0,0,1,0,0,0,0,0,0,0,0,0,0,0
6,8648,288,10,2,2,3,8148,0,3692,180,10,8648,1,118,157,208,206,0,0,0,1,0,0,0,1,0,0,0,0,0,0,0
6,8648,288,10,2,2,3,8148,0,3692,180,10,8648,1,118,157,208,206,0,0,0,1,0,0,0,1,0,0,0,0,0,0,0
9,348,348,41,2,2,6,191,0,2,2,41,348,1,17,9,9,5,0,0,0,0,0,0,0,0,0,0,0,0,0,0,0
7,8648,8648,10,2,2,3,8148,0,3692,180,10,8648,1,118,157,208,206,0,0,0,0,0,0,0,0,0,0,0,0,0,0,0
7,348,348,41,2,2,6,191,0,2,2,41,348,1,17,9,9,5,0,0,0,0,0,0,0,0,0,0,0,0,0,0,0
6,348,348,41,2,2,6,191,0,2,2,41,348,1,17,9,9,5,0,0,0,0,0,0,0,0,0,0,0,0,0,0,0
12,348,348,41,2,2,6,191,0,2,2,41,348,1,17,9,9,5,0,0,0,0,0,0,0,0,0,0,0,0,0,0,0
8,348,348,41,2,2,6,191,0,2,2,41,348,1,17,9,9,5,0,0,0,0,0,0,0,0,0,0,0,0,0,0,0
2,8648,8648,10,2,2,3,8148,0,3692,180,10,8648,1,118,157,208,206,0,0,0,0,0,0,0,0,0,0,0,0,0,0,0
7,8648,8648,10,2,2,3,8148,0,3692,180,10,8648,1,118,157,208,206,0,0,0,0,0,0,0,0,0,0,0,0,0,0,0
7,8648,8648,10,2,2,3,8148,0,3692,180,10,8648,1,118,157,208,206,0,0,0,0,0,0,0,0,0,0,0,0,0,0,0
7,8648,8648,10,2,2,3,8148,0,3692,180,10,8648,1,118,157,208,206,0,0,0,0,0,0,0,0,0,0,0,0,0,0,0
6,8648,181,10,2,2,3,8148,0,3692,180,10,8648,1,118,157,208,206,0,0,0,0,0,0,0,1,0,0,0,0,0,0,0
7,8648,8648,10,2,2,3,8148,0,3692,180,10,8648,1,118,157,208,206,0,0,0,0,0,0,0,0,0,0,0,0,0,0,0
6,8648,181,10,2,2,3,8148,0,3692,180,10,8648,1,118,157,208,206,0,0,0,0,0,0,0,1,0,0,0,0,0,0,0
3,8648,181,10,2,2,3,8148,0,3692,180,10,8648,1,118,157,208,206,0,0,0,0,0,0,0,1,0,0,0,0,0,0,0
3,8648,181,10,2,2,3,8148,0,3692,180,10,8648,1,118,157,208,206,0,0,0,0,0,0,0,1,0,0,0,0,0,0,0
2,8648,181,10,2,2,3,8148,0,3692,180,10,8648,1,118,157,208,206,0,0,0,0,0,0,0,1,0,0,0,0,0,0,0
7,8648,181,10,2,2,3,8148,0,3692,180,10,8648,1,118,157,208,206,0,0,0,0,0,0,0,1,0,0,0,0,0,0,0
2,8648,181,10,2,2,3,8148,0,3692,180,10,8648,1,118,157,208,206,0,0,0,0,0,0,0,1,0,0,0,0,0,0,0
7,8648,182,10,2,2,3,8148,0,3692,180,10,8648,1,118,157,208,206,0,0,1,0,0,0,0,1,0,0,0,0,0,0,0
2,8648,8648,10,2,2,3,8148,0,3692,180,10,8648,1,118,157,208,206,0,0,0,0,0,0,0,0,0,0,0,0,0,0,0
3,8648,181,10,2,2,3,8148,0,3692,180,10,8648,1,118,157,208,206,0,0,0,0,0,0,0,1,0,0,0,0,0,0,0
7,8648,8648,10,2,2,3,8148,0,3692,180,10,8648,1,118,157,208,206,0,0,0,0,0,0,0,0,0,0,0,0,0,0,0
14,8648,8648,10,2,2,3,8148,0,3692,180,10,8648,1,118,157,208,206,0,0,0,0,0,0,0,0,0,0,0,0,0,0,0
7,8648,8648,10,2,2,3,8148,0,3692,180,10,8648,1,118,157,208,206,0,0,0,0,0,0,0,0,0,0,0,0,0,0,0
14,8648,8648,10,2,2,3,8148,0,3692,180,10,8648,1,118,157,208,206,0,0,0,0,0,0,0,0,0,0,0,0,0,0,0
14,8648,8648,10,2,2,3,8148,0,3692,180,10,8648,1,118,157,208,206,0,0,0,0,0,0,0,0,0,0,0,0,0,0,0
12,8648,8648,10,2,2,3,8148,0,3692,180,10,8648,1,118,157,208,206,0,0,0,0,0,0,0,0,0,0,0,0,0,0,0
14,8648,158,10,2,2,3,8148,0,3692,180,10,8648,1,118,157,208,206,0,0,0,0,0,0,0,0,0,0,0,0,1,0,0
7,8648,8648,10,2,2,3,8148,0,3692,180,10,8648,1,118,157,208,206,0,0,0,0,0,0,0,0,0,0,0,0,0,0,0
14,8648,8648,10,2,2,3,8148,0,3692,180,10,8648,1,118,157,208,206,0,0,0,0,0,0,0,0,0,0,0,0,0,0,0
14,8648,8648,10,2,2,3,8148,0,3692,180,10,8648,1,118,157,208,206,0,0,0,0,0,0,0,0,0,0,0,0,0,0,0
3,8648,8648,10,2,2,3,8148,0,3692,180,10,8648,1,118,157,208,206,0,0,0,0,0,0,0,0,0,0,0,0,0,0,0
7,8648,8648,10,2,2,3,8148,0,3692,180,10,8648,1,118,157,208,206,0,0,0,0,0,0,0,0,0,0,0,0,0,0,0
6,8648,8648,10,2,2,3,8148,0,3692,180,10,8648,1,118,157,208,206,0,0,0,0,0,0,0,0,0,0,0,0,0,0,0
6,8648,8648,10,2,2,3,8148,0,3692,180,10,8648,1,118,157,208,206,0,0,0,0,0,0,0,0,0,0,0,0,0,0,0
7,8648,8648,10,2,2,3,8148,0,3692,180,10,8648,1,118,157,208,206,0,0,0,0,0,0,0,0,0,0,0,0,0,0,0
7,8648,8648,10,2,2,3,8148,0,3692,180,10,8648,1,118,157,208,206,0,0,0,0,0,0,0,0,0,0,0,0,0,0,0
7,8648,8648,10,2,2,3,8148,0,3692,180,10,8648,1,118,157,208,206,0,0,0,0,0,0,0,0,0,0,0,0,0,0,0
3,8648,181,10,2,2,3,8148,0,3692,180,10,8648,1,118,157,208,206,0,0,0,0,0,0,0,1,0,0,0,0,0,0,0
14,8648,8648,10,2,2,3,8148,0,3692,180,10,8648,1,118,157,208,206,0,0,0,0,0,0,0,0,0,0,0,0,0,0,0
7,8648,8648,10,2,2,3,8148,0,3692,180,10,8648,1,118,157,208,206,0,0,0,0,0,0,0,0,0,0,0,0,0,0,0
3,8648,207,10,2,2,3,8148,0,3692,180,10,8648,1,118,157,208,206,0,0,0,0,0,0,0,0,0,0,0,0,0,0,1
14,8648,8648,10,2,2,3,8148,0,3692,180,10,8648,1,118,157,208,206,0,0,0,0,0,0,0,0,0,0,0,0,0,0,0
14,8648,8648,10,2,2,3,8148,0,3692,180,10,8648,1,118,157,208,206,0,0,0,0,0,0,0,0,0,0,0,0,0,0,0
14,8648,8648,10,2,2,3,8148,0,3692,180,10,8648,1,118,157,208,206,0,0,0,0,0,0,0,0,0,0,0,0,0,0,0
3,348,348,41,2,2,6,191,0,2,2,41,348,1,17,9,9,5,0,0,0,0,0,0,0,0,0,0,0,0,0,0,0
3,8648,181,10,2,2,3,8148,0,3692,180,10,8648,1,118,157,208,206,0,0,0,0,0,0,0,1,0,0,0,0,0,0,0
7,8648,181,10,2,2,3,8148,0,3692,180,10,8648,1,118,157,208,206,0,0,0,0,0,0,0,1,0,0,0,0,0,0,0
6,8648,181,10,2,2,3,8148,0,3692,180,10,8648,1,118,157,208,206,0,0,0,0,0,0,0,1,0,0,0,0,0,0,0
7,348,348,41,2,2,6,191,0,2,2,41,348,1,17,9,9,5,0,0,0,0,0,0,0,0,0,0,0,0,0,0,0
3,8648,3871,10,2,2,3,8148,0,3692,180,10,8648,1,118,157,208,206,0,0,0,0,0,0,1,1,0,0,0,0,0,0,0
14,348,348,41,2,2,6,191,0,2,2,41,348,1,17,9,9,5,0,0,0,0,0,0,0,0,0,0,0,0,0,0,0
3,348,348,41,2,2,6,191,0,2,2,41,348,1,17,9,9,5,0,0,0,0,0,0,0,0,0,0,0,0,0,0,0
14,348,6,41,2,2,6,191,0,2,2,41,348,1,17,9,9,5,0,0,0,1,0,0,0,0,0,0,0,0,0,0,0
14,348,348,41,2,2,6,191,0,2,2,41,348,1,17,9,9,5,0,0,0,0,0,0,0,0,0,0,0,0,0,0,0
3,348,348,41,2,2,6,191,0,2,2,41,348,1,17,9,9,5,0,0,0,0,0,0,0,0,0,0,0,0,0,0,0
14,348,6,41,2,2,6,191,0,2,2,41,348,1,17,9,9,5,0,0,0,1,0,0,0,0,0,0,0,0,0,0,0
14,348,348,41,2,2,6,191,0,2,2,41,348,1,17,9,9,5,0,0,0,0,0,0,0,0,0,0,0,0,0,0,0
14,348,348,41,2,2,6,191,0,2,2,41,348,1,17,9,9,5,0,0,0,0,0,0,0,0,0,0,0,0,0,0,0
7,348,348,41,2,2,6,191,0,2,2,41,348,1,17,9,9,5,0,0,0,0,0,0,0,0,0,0,0,0,0,0,0
14,348,348,41,2,2,6,191,0,2,2,41,348,1,17,9,9,5,0,0,0,0,0,0,0,0,0,0,0,0,0,0,0
14,348,348,41,2,2,6,191,0,2,2,41,348,1,17,9,9,5,0,0,0,0,0,0,0,0,0,0,0,0,0,0,0
7,348,5,41,2,2,6,191,0,2,2,41,348,1,17,9,9,5,0,0,0,0,0,0,0,0,0,0,0,0,0,0,1
7,348,348,41,2,2,6,191,0,2,2,41,348,1,17,9,9,5,0,0,0,0,0,0,0,0,0,0,0,0,0,0,0
3,348,10,41,2,2,6,191,0,2,2,41,348,1,17,9,9,5,0,0,0,0,0,0,0,1,0,0,0,0,0,0,1
14,348,348,41,2,2,6,191,0,2,2,41,348,1,17,9,9,5,0,0,0,0,0,0,0,0,0,0,0,0,0,0,0
3,348,5,41,2,2,6,191,0,2,2,41,348,1,17,9,9,5,0,0,0,0,0,0,0,0,0,0,0,0,0,0,1
3,348,5,41,2,2,6,191,0,2,2,41,348,1,17,9,9,5,0,0,0,0,0,0,0,0,0,0,0,0,0,0,1
14,348,348,41,2,2,6,191,0,2,2,41,348,1,17,9,9,5,0,0,0,0,0,0,0,0,0,0,0,0,0,0,0
14,348,348,41,2,2,6,191,0,2,2,41,348,1,17,9,9,5,0,0,0,0,0,0,0,0,0,0,0,0,0,0,0
3,348,5,41,2,2,6,191,0,2,2,41,348,1,17,9,9,5,0,0,0,0,0,0,0,0,0,0,0,0,0,0,1
3,348,5,41,2,2,6,191,0,2,2,41,348,1,17,9,9,5,0,0,0,0,0,0,0,0,0,0,0,0,0,0,1
14,348,348,41,2,2,6,191,0,2,2,41,348,1,17,9,9,5,0,0,0,0,0,0,0,0,0,0,0,0,0,0,0
3,348,348,41,2,2,6,191,0,2,2,41,348,1,17,9,9,5,0,0,0,0,0,0,0,0,0,0,0,0,0,0,0
14,348,348,41,2,2,6,191,0,2,2,41,348,1,17,9,9,5,0,0,0,0,0,0,0,0,0,0,0,0,0,0,0
7,745,745,104,7,5,12,401,0,20,19,104,745,1,119,26,26,25,0,0,0,0,0,0,0,0,0,0,0,0,0,0,0
6,745,20,104,7,5,12,401,0,20,19,104,745,1,119,26,26,25,0,0,0,0,0,0,0,1,0,0,0,0,0,0,0
7,745,745,104,7,5,12,401,0,20,19,104,745,1,119,26,26,25,0,0,0,0,0,0,0,0,0,0,0,0,0,0,0
6,745,745,104,7,5,12,401,0,20,19,104,745,1,119,26,26,25,0,0,0,0,0,0,0,0,0,0,0,0,0,0,0
3,745,20,104,7,5,12,401,0,20,19,104,745,1,119,26,26,25,0,0,0,0,0,0,0,1,0,0,0,0,0,0,0
14,745,745,104,7,5,12,401,0,20,19,104,745,1,119,26,26,25,0,0,0,0,0,0,0,0,0,0,0,0,0,0,0
8,745,55,104,7,5,12,401,0,20,19,104,745,1,119,26,26,25,0,0,0,1,0,0,0,1,0,0,0,0,0,0,0
6,745,55,104,7,5,12,401,0,20,19,104,745,1,119,26,26,25,0,0,0,1,0,0,0,1,0,0,0,0,0,0,0
14,745,745,104,7,5,12,401,0,20,19,104,745,1,119,26,26,25,0,0,0,0,0,0,0,0,0,0,0,0,0,0,0
3,745,26,104,7,5,12,401,0,20,19,104,745,1,119,26,26,25,0,0,0,0,0,0,0,0,0,0,0,0,0,0,1
6,745,78,104,7,5,12,401,0,20,19,104,745,1,119,26,26,25,0,0,0,1,0,0,0,0,0,0,0,0,0,0,1
2,745,745,104,7,5,12,401,0,20,19,104,745,1,119,26,26,25,0,0,0,0,0,0,0,0,0,0,0,0,0,0,0
3,745,745,104,7,5,12,401,0,20,19,104,745,1,119,26,26,25,0,0,0,0,0,0,0,0,0,0,0,0,0,0,0
14,745,745,104,7,5,12,401,0,20,19,104,745,1,119,26,26,25,0,0,0,0,0,0,0,0,0,0,0,0,0,0,0
2,348,348,41,2,2,6,191,0,2,2,41,348,1,17,9,9,5,0,0,0,0,0,0,0,0,0,0,0,0,0,0,0
7,348,348,41,2,2,6,191,0,2,2,41,348,1,17,9,9,5,0,0,0,0,0,0,0,0,0,0,0,0,0,0,0
7,348,2,41,2,2,6,191,0,2,2,41,348,1,17,9,9,5,0,0,1,0,0,0,0,0,0,0,0,0,0,0,0
2,348,348,41,2,2,6,191,0,2,2,41,348,1,17,9,9,5,0,0,0,0,0,0,0,0,0,0,0,0,0,0,0
7,348,2,41,2,2,6,191,0,2,2,41,348,1,17,9,9,5,0,0,1,0,0,0,0,0,0,0,0,0,0,0,0
3,348,2,41,2,2,6,191,0,2,2,41,348,1,17,9,9,5,0,0,0,0,0,0,0,1,0,0,0,0,0,0,0
7,348,2,41,2,2,6,191,0,2,2,41,348,1,17,9,9,5,0,0,1,0,0,0,0,0,0,0,0,0,0,0,0
6,348,2,41,2,2,6,191,0,2,2,41,348,1,17,9,9,5,0,0,1,0,0,0,0,0,0,0,0,0,0,0,0
3,348,348,41,2,2,6,191,0,2,2,41,348,1,17,9,9,5,0,0,0,0,0,0,0,0,0,0,0,0,0,0,0
2,348,348,41,2,2,6,191,0,2,2,41,348,1,17,9,9,5,0,0,0,0,0,0,0,0,0,0,0,0,0,0,0
7,348,2,41,2,2,6,191,0,2,2,41,348,1,17,9,9,5,0,0,1,0,0,0,0,0,0,0,0,0,0,0,0
2,348,348,41,2,2,6,191,0,2,2,41,348,1,17,9,9,5,0,0,0,0,0,0,0,0,0,0,0,0,0,0,0
3,348,348,41,2,2,6,191,0,2,2,41,348,1,17,9,9,5,0,0,0,0,0,0,0,0,0,0,0,0,0,0,0
3,348,348,41,2,2,6,191,0,2,2,41,348,1,17,9,9,5,0,0,0,0,0,0,0,0,0,0,0,0,0,0,0
7,348,348,41,2,2,6,191,0,2,2,41,348,1,17,9,9,5,0,0,0,0,0,0,0,0,0,0,0,0,0,0,0
14,348,348,41,2,2,6,191,0,2,2,41,348,1,17,9,9,5,0,0,0,0,0,0,0,0,0,0,0,0,0,0,0
6,348,2,41,2,2,6,191,0,2,2,41,348,1,17,9,9,5,0,0,0,0,0,0,0,1,0,0,0,0,0,0,0
3,348,348,41,2,2,6,191,0,2,2,41,348,1,17,9,9,5,0,0,0,0,0,0,0,0,0,0,0,0,0,0,0
2,348,348,41,2,2,6,191,0,2,2,41,348,1,17,9,9,5,0,0,0,0,0,0,0,0,0,0,0,0,0,0,0
7,348,2,41,2,2,6,191,0,2,2,41,348,1,17,9,9,5,0,0,1,0,0,0,0,0,0,0,0,0,0,0,0
7,348,348,41,2,2,6,191,0,2,2,41,348,1,17,9,9,5,0,0,0,0,0,0,0,0,0,0,0,0,0,0,0
14,348,2,41,2,2,6,191,0,2,2,41,348,1,17,9,9,5,0,0,0,0,0,0,0,1,0,0,0,0,0,0,0
6,348,2,41,2,2,6,191,0,2,2,41,348,1,17,9,9,5,0,0,0,0,0,0,0,1,0,0,0,0,0,0,0
13,348,2,41,2,2,6,191,0,2,2,41,348,1,17,9,9,5,0,0,0,0,0,0,1,1,0,0,0,0,0,0,0
14,348,2,41,2,2,6,191,0,2,2,41,348,1,17,9,9,5,0,0,0,0,0,0,1,1,0,0,0,0,0,0,0
3,348,10,41,2,2,6,191,0,2,2,41,348,1,17,9,9,5,0,0,0,0,0,0,0,1,0,0,0,0,0,0,1
3,348,348,41,2,2,6,191,0,2,2,41,348,1,17,9,9,5,0,0,0,0,0,0,0,0,0,0,0,0,0,0,0
14,348,2,41,2,2,6,191,0,2,2,41,348,1,17,9,9,5,0,0,1,0,0,0,0,1,0,0,0,0,0,0,0
2,348,6,41,2,2,6,191,0,2,2,41,348,1,17,9,9,5,0,0,0,1,0,0,0,0,0,0,0,0,0,0,0
14,348,348,41,2,2,6,191,0,2,2,41,348,1,17,9,9,5,0,0,0,0,0,0,0,0,0,0,0,0,0,0,0
2,348,348,41,2,2,6,191,0,2,2,41,348,1,17,9,9,5,0,0,0,0,0,0,0,0,0,0,0,0,0,0,0
7,348,348,41,2,2,6,191,0,2,2,41,348,1,17,9,9,5,0,0,0,0,0,0,0,0,0,0,0,0,0,0,0
3,348,2,41,2,2,6,191,0,2,2,41,348,1,17,9,9,5,0,0,0,0,0,0,0,1,0,0,0,0,0,0,0
14,348,2,41,2,2,6,191,0,2,2,41,348,1,17,9,9,5,0,0,0,0,0,0,0,1,0,0,0,0,0,0,0
14,348,348,41,2,2,6,191,0,2,2,41,348,1,17,9,9,5,0,0,0,0,0,0,0,0,0,0,0,0,0,0,0
3,348,348,41,2,2,6,191,0,2,2,41,348,1,17,9,9,5,0,0,0,0,0,0,0,0,0,0,0,0,0,0,0
2,348,2,41,2,2,6,191,0,2,2,41,348,1,17,9,9,5,0,0,0,0,0,0,0,1,0,0,0,0,0,0,0
7,348,2,41,2,2,6,191,0,2,2,41,348,1,17,9,9,5,0,0,0,0,0,0,0,1,0,0,0,0,0,0,0
3,348,348,41,2,2,6,191,0,2,2,41,348,1,17,9,9,5,0,0,0,0,0,0,0,0,0,0,0,0,0,0,0
7,348,6,41,2,2,6,191,0,2,2,41,348,1,17,9,9,5,0,0,0,1,0,0,0,0,0,0,0,0,0,0,0
7,348,348,41,2,2,6,191,0,2,2,41,348,1,17,9,9,5,0,0,0,0,0,0,0,0,0,0,0,0,0,0,0
6,348,2,41,2,2,6,191,0,2,2,41,348,1,17,9,9,5,0,0,0,0,0,0,0,1,0,0,0,0,0,0,0
14,348,2,41,2,2,6,191,0,2,2,41,348,1,17,9,9,5,0,0,0,0,0,0,1,1,0,0,0,0,0,0,0
2,348,348,41,2,2,6,191,0,2,2,41,348,1,17,9,9,5,0,0,0,0,0,0,0,0,0,0,0,0,0,0,0
7,348,348,41,2,2,6,191,0,2,2,41,348,1,17,9,9,5,0,0,0,0,0,0,0,0,0,0,0,0,0,0,0
2,348,348,41,2,2,6,191,0,2,2,41,348,1,17,9,9,5,0,0,0,0,0,0,0,0,0,0,0,0,0,0,0
7,348,348,41,2,2,6,191,0,2,2,41,348,1,17,9,9,5,0,0,0,0,0,0,0,0,0,0,0,0,0,0,0
6,348,2,41,2,2,6,191,0,2,2,41,348,1,17,9,9,5,0,0,0,0,0,0,0,1,0,0,0,0,0,0,0
12,348,348,41,2,2,6,191,0,2,2,41,348,1,17,9,9,5,0,0,0,0,0,0,0,0,0,0,0,0,0,0,0
7,348,348,41,2,2,6,191,0,2,2,41,348,1,17,9,9,5,0,0,0,0,0,0,0,0,0,0,0,0,0,0,0
1,348,348,41,2,2,6,191,0,2,2,41,348,1,17,9,9,5,0,0,0,0,0,0,0,0,0,0,0,0,0,0,0
7,348,348,41,2,2,6,191,0,2,2,41,348,1,17,9,9,5,0,0,0,0,0,0,0,0,0,0,0,0,0,0,0
6,348,2,41,2,2,6,191,0,2,2,41,348,1,17,9,9,5,0,1,0,0,0,0,0,0,0,0,0,0,0,0,0
3,348,2,41,2,2,6,191,0,2,2,41,348,1,17,9,9,5,0,0,0,0,0,0,0,1,0,0,0,0,0,0,0
14,348,348,41,2,2,6,191,0,2,2,41,348,1,17,9,9,5,0,0,0,0,0,0,0,0,0,0,0,0,0,0,0
7,348,348,41,2,2,6,191,0,2,2,41,348,1,17,9,9,5,0,0,0,0,0,0,0,0,0,0,0,0,0,0,0
12,348,2,41,2,2,6,191,0,2,2,41,348,1,17,9,9,5,0,0,0,0,0,0,0,1,0,0,0,0,0,0,0
7,348,348,41,2,2,6,191,0,2,2,41,348,1,17,9,9,5,0,0,0,0,0,0,0,0,0,0,0,0,0,0,0
14,348,2,41,2,2,6,191,0,2,2,41,348,1,17,9,9,5,0,0,0,0,0,0,0,1,0,0,0,0,0,0,0
2,13625,13625,18,5,4,6,11274,0,5,4,18,13625,1,520,3888,4459,7436,0,0,0,0,0,0,0,0,0,0,0,0,0,0,0
7,348,348,41,2,2,6,191,0,2,2,41,348,1,17,9,9,5,0,0,0,0,0,0,0,0,0,0,0,0,0,0,0
6,348,348,41,2,2,6,191,0,2,2,41,348,1,17,9,9,5,0,0,0,0,0,0,0,0,0,0,0,0,0,0,0
7,13625,4,18,5,4,6,11274,0,5,4,18,13625,1,520,3888,4459,7436,0,0,1,0,0,0,0,0,0,0,0,0,0,0,0
3,348,348,41,2,2,6,191,0,2,2,41,348,1,17,9,9,5,0,0,0,0,0,0,0,0,0,0,0,0,0,0,0
14,348,348,41,2,2,6,191,0,2,2,41,348,1,17,9,9,5,0,0,0,0,0,0,0,0,0,0,0,0,0,0,0
14,348,348,41,2,2,6,191,0,2,2,41,348,1,17,9,9,5,0,0,0,0,0,0,0,0,0,0,0,0,0,0,0
7,13625,13625,18,5,4,6,11274,0,5,4,18,13625,1,520,3888,4459,7436,0,0,0,0,0,0,0,0,0,0,0,0,0,0,0
13,13625,13625,18,5,4,6,11274,0,5,4,18,13625,1,520,3888,4459,7436,0,0,0,0,0,0,0,0,0,0,0,0,0,0,0
14,13625,13625,18,5,4,6,11274,0,5,4,18,13625,1,520,3888,4459,7436,0,0,0,0,0,0,0,0,0,0,0,0,0,0,0
7,348,348,41,2,2,6,191,0,2,2,41,348,1,17,9,9,5,0,0,0,0,0,0,0,0,0,0,0,0,0,0,0
14,13625,13625,18,5,4,6,11274,0,5,4,18,13625,1,520,3888,4459,7436,0,0,0,0,0,0,0,0,0,0,0,0,0,0,0
6,348,2,41,2,2,6,191,0,2,2,41,348,1,17,9,9,5,0,0,0,0,0,0,0,1,0,0,0,0,0,0,0
3,348,2,41,2,2,6,191,0,2,2,41,348,1,17,9,9,5,0,0,0,0,0,0,1,1,0,0,0,0,0,0,0
14,348,2,41,2,2,6,191,0,2,2,41,348,1,17,9,9,5,0,0,0,0,0,0,1,1,0,0,0,0,0,0,0
7,348,348,41,2,2,6,191,0,2,2,41,348,1,17,9,9,5,0,0,0,0,0,0,0,0,0,0,0,0,0,0,0
3,348,2,41,2,2,6,191,0,2,2,41,348,1,17,9,9,5,0,0,0,0,0,0,0,1,0,0,0,0,0,0,0
7,348,11,41,2,2,6,191,0,2,2,41,348,1,17,9,9,5,0,0,0,1,0,0,0,1,0,0,0,0,0,0,0
6,348,11,41,2,2,6,191,0,2,2,41,348,1,17,9,9,5,0,0,0,1,0,0,0,1,0,0,0,0,0,0,0
14,348,11,41,2,2,6,191,0,2,2,41,348,1,17,9,9,5,0,0,0,1,0,0,1,1,0,0,0,0,0,0,0
7,348,348,41,2,2,6,191,0,2,2,41,348,1,17,9,9,5,0,0,0,0,0,0,0,0,0,0,0,0,0,0,0
6,348,348,41,2,2,6,191,0,2,2,41,348,1,17,9,9,5,0,0,0,0,0,0,0,0,0,0,0,0,0,0,0
2,13625,13625,18,5,4,6,11274,0,5,4,18,13625,1,520,3888,4459,7436,0,0,0,0,0,0,0,0,0,0,0,0,0,0,0
7,13625,13625,18,5,4,6,11274,0,5,4,18,13625,1,520,3888,4459,7436,0,0,0,0,0,0,0,0,0,0,0,0,0,0,0
2,13625,13625,18,5,4,6,11274,0,5,4,18,13625,1,520,3888,4459,7436,0,0,0,0,0,0,0,0,0,0,0,0,0,0,0
3,13625,13625,18,5,4,6,11274,0,5,4,18,13625,1,520,3888,4459,7436,0,0,0,0,0,0,0,0,0,0,0,0,0,0,0
2,348,348,41,2,2,6,191,0,2,2,41,348,1,17,9,9,5,0,0,0,0,0,0,0,0,0,0,0,0,0,0,0
7,348,2,41,2,2,6,191,0,2,2,41,348,1,17,9,9,5,0,0,1,0,0,0,0,0,0,0,0,0,0,0,0
7,13625,13625,18,5,4,6,11274,0,5,4,18,13625,1,520,3888,4459,7436,0,0,0,0,0,0,0,0,0,0,0,0,0,0,0
6,13625,13625,18,5,4,6,11274,0,5,4,18,13625,1,520,3888,4459,7436,0,0,0,0,0,0,0,0,0,0,0,0,0,0,0
3,348,348,41,2,2,6,191,0,2,2,41,348,1,17,9,9,5,0,0,0,0,0,0,0,0,0,0,0,0,0,0,0
3,13625,5,18,5,4,6,11274,0,5,4,18,13625,1,520,3888,4459,7436,0,0,0,0,0,0,1,0,0,0,0,0,0,0,0
14,348,6,41,2,2,6,191,0,2,2,41,348,1,17,9,9,5,0,0,0,1,0,0,0,0,0,0,0,0,0,0,0
14,13625,5,18,5,4,6,11274,0,5,4,18,13625,1,520,3888,4459,7436,0,0,0,0,0,0,1,0,0,0,0,0,0,0,0
7,13625,13625,18,5,4,6,11274,0,5,4,18,13625,1,520,3888,4459,7436,0,0,0,0,0,0,0,0,0,0,0,0,0,0,0
7,13625,13625,18,5,4,6,11274,0,5,4,18,13625,1,520,3888,4459,7436,0,0,0,0,0,0,0,0,0,0,0,0,0,0,0
7,13625,13625,18,5,4,6,11274,0,5,4,18,13625,1,520,3888,4459,7436,0,0,0,0,0,0,0,0,0,0,0,0,0,0,0
6,13625,13625,18,5,4,6,11274,0,5,4,18,13625,1,520,3888,4459,7436,0,0,0,0,0,0,0,0,0,0,0,0,0,0,0
3,13625,13625,18,5,4,6,11274,0,5,4,18,13625,1,520,3888,4459,7436,0,0,0,0,0,0,0,0,0,0,0,0,0,0,0
7,13625,13625,18,5,4,6,11274,0,5,4,18,13625,1,520,3888,4459,7436,0,0,0,0,0,0,0,0,0,0,0,0,0,0,0
14,13625,13625,18,5,4,6,11274,0,5,4,18,13625,1,520,3888,4459,7436,0,0,0,0,0,0,0,0,0,0,0,0,0,0,0
7,13625,13625,18,5,4,6,11274,0,5,4,18,13625,1,520,3888,4459,7436,0,0,0,0,0,0,0,0,0,0,0,0,0,0,0
6,13625,4,18,5,4,6,11274,0,5,4,18,13625,1,520,3888,4459,7436,0,0,0,0,0,0,0,1,0,0,0,0,0,0,0
12,13625,10,18,5,4,6,11274,0,5,4,18,13625,1,520,3888,4459,7436,0,0,0,0,0,0,1,1,0,0,0,0,0,0,0
3,13625,6005,18,5,4,6,11274,0,5,4,18,13625,1,520,3888,4459,7436,0,0,0,0,0,0,1,1,0,0,0,0,1,0,0
14,13625,13625,18,5,4,6,11274,0,5,4,18,13625,1,520,3888,4459,7436,0,0,0,0,0,0,0,0,0,0,0,0,0,0,0
12,13625,13625,18,5,4,6,11274,0,5,4,18,13625,1,520,3888,4459,7436,0,0,0,0,0,0,0,0,0,0,0,0,0,0,0
7,13625,13625,18,5,4,6,11274,0,5,4,18,13625,1,520,3888,4459,7436,0,0,0,0,0,0,0,0,0,0,0,0,0,0,0
2,13625,13625,18,5,4,6,11274,0,5,4,18,13625,1,520,3888,4459,7436,0,0,0,0,0,0,0,0,0,0,0,0,0,0,0
3,13625,4,18,5,4,6,11274,0,5,4,18,13625,1,520,3888,4459,7436,0,0,1,0,0,0,0,0,0,0,0,0,0,0,0
7,13625,15,18,5,4,6,11274,0,5,4,18,13625,1,520,3888,4459,7436,0,0,1,1,0,0,0,0,0,0,0,0,0,0,0
6,13625,15,18,5,4,6,11274,0,5,4,18,13625,1,520,3888,4459,7436,0,0,1,1,0,0,0,1,0,0,0,0,0,0,0
13,13625,25,18,5,4,6,11274,0,5,4,18,13625,1,520,3888,4459,7436,0,0,1,1,0,0,1,1,0,0,0,0,0,0,0
12,13625,13625,18,5,4,6,11274,0,5,4,18,13625,1,520,3888,4459,7436,0,0,0,0,0,0,0,0,0,0,0,0,0,0,0
2,13625,13625,18,5,4,6,11274,0,5,4,18,13625,1,520,3888,4459,7436,0,0,0,0,0,0,0,0,0,0,0,0,0,0,0
7,13625,4,18,5,4,6,11274,0,5,4,18,13625,1,520,3888,4459,7436,0,0,1,0,0,0,0,0,0,0,0,0,0,0,0
7,13625,13625,18,5,4,6,11274,0,5,4,18,13625,1,520,3888,4459,7436,0,0,0,0,0,0,0,0,0,0,0,0,0,0,0
6,13625,13625,18,5,4,6,11274,0,5,4,18,13625,1,520,3888,4459,7436,0,0,0,0,0,0,0,0,0,0,0,0,0,0,0
3,13625,13625,18,5,4,6,11274,0,5,4,18,13625,1,520,3888,4459,7436,0,0,0,0,0,0,0,0,0,0,0,0,0,0,0
6,13625,6,18,5,4,6,11274,0,5,4,18,13625,1,520,3888,4459,7436,0,0,0,1,0,0,0,0,0,0,0,0,0,0,0
7,13625,6,18,5,4,6,11274,0,5,4,18,13625,1,520,3888,4459,7436,0,0,0,1,0,0,0,0,0,0,0,0,0,0,0
13,13625,15,18,5,4,6,11274,0,5,4,18,13625,1,520,3888,4459,7436,0,0,0,1,0,0,0,1,0,0,0,0,0,0,0
